-- Seed data for CampusConnect

-- 1. Insert College
INSERT INTO public.colleges (id, name, city, email_domain, is_active)
VALUES ('a0eebc99-9c0b-4ef8-bb6d-6bb9bd380a11', 'IILM University', 'Greater Noida', 'iilm.edu', true)
ON CONFLICT (email_domain) DO UPDATE SET name = excluded.name;

-- 2. Insert Users into auth.users (triggers will automatically insert profiles)
-- Rohan Sharma
INSERT INTO auth.users (id, instance_id, aud, role, email, encrypted_password, email_confirmed_at, last_sign_in_at, raw_app_meta_data, raw_user_meta_data, created_at, updated_at)
VALUES (
  'c0eebc99-9c0b-4ef8-bb6d-6bb9bd380a22',
  '00000000-0000-0000-0000-000000000000',
  'authenticated',
  'authenticated',
  'rohan.sharma@iilm.edu',
  '$2a$10$x36uLhbk9.IKCLhJ.gL3D.gjH51YsoV4UXwzVHKW0xvM38s./YObq',
  now(),
  now(),
  '{"provider": "email", "providers": ["email"]}',
  '{"full_name": "Rohan Sharma"}',
  now(),
  now()
) ON CONFLICT (id) DO NOTHING;

-- Priya Patel
INSERT INTO auth.users (id, instance_id, aud, role, email, encrypted_password, email_confirmed_at, last_sign_in_at, raw_app_meta_data, raw_user_meta_data, created_at, updated_at)
VALUES (
  'd0eebc99-9c0b-4ef8-bb6d-6bb9bd380a33',
  '00000000-0000-0000-0000-000000000000',
  'authenticated',
  'authenticated',
  'priya.patel@iilm.edu',
  '$2a$10$x36uLhbk9.IKCLhJ.gL3D.gjH51YsoV4UXwzVHKW0xvM38s./YObq',
  now(),
  now(),
  '{"provider": "email", "providers": ["email"]}',
  '{"full_name": "Priya Patel"}',
  now(),
  now()
) ON CONFLICT (id) DO NOTHING;

-- Vikram Singh
INSERT INTO auth.users (id, instance_id, aud, role, email, encrypted_password, email_confirmed_at, last_sign_in_at, raw_app_meta_data, raw_user_meta_data, created_at, updated_at)
VALUES (
  'e0eebc99-9c0b-4ef8-bb6d-6bb9bd380a44',
  '00000000-0000-0000-0000-000000000000',
  'authenticated',
  'authenticated',
  'vikram.singh@iilm.edu',
  '$2a$10$x36uLhbk9.IKCLhJ.gL3D.gjH51YsoV4UXwzVHKW0xvM38s./YObq',
  now(),
  now(),
  '{"provider": "email", "providers": ["email"]}',
  '{"full_name": "Vikram Singh"}',
  now(),
  now()
) ON CONFLICT (id) DO NOTHING;

-- Sneha Sen
INSERT INTO auth.users (id, instance_id, aud, role, email, encrypted_password, email_confirmed_at, last_sign_in_at, raw_app_meta_data, raw_user_meta_data, created_at, updated_at)
VALUES (
  'f0eebc99-9c0b-4ef8-bb6d-6bb9bd380a55',
  '00000000-0000-0000-0000-000000000000',
  'authenticated',
  'authenticated',
  'sneha.sen@iilm.edu',
  '$2a$10$x36uLhbk9.IKCLhJ.gL3D.gjH51YsoV4UXwzVHKW0xvM38s./YObq',
  now(),
  now(),
  '{"provider": "email", "providers": ["email"]}',
  '{"full_name": "Sneha Sen"}',
  now(),
  now()
) ON CONFLICT (id) DO NOTHING;

-- Admin Anzar
INSERT INTO auth.users (id, instance_id, aud, role, email, encrypted_password, email_confirmed_at, last_sign_in_at, raw_app_meta_data, raw_user_meta_data, created_at, updated_at)
VALUES (
  '00eebc99-9c0b-4ef8-bb6d-6bb9bd380a66',
  '00000000-0000-0000-0000-000000000000',
  'authenticated',
  'authenticated',
  'anzar0904@gmail.com',
  '$2a$10$x36uLhbk9.IKCLhJ.gL3D.gjH51YsoV4UXwzVHKW0xvM38s./YObq',
  now(),
  now(),
  '{"provider": "email", "providers": ["email"]}',
  '{"full_name": "Anzar Akhtar"}',
  now(),
  now()
) ON CONFLICT (id) DO NOTHING;

-- 3. Populate profiles (override default values generated by trigger if any)
UPDATE public.profiles SET username = 'rohans', branch = 'Computer Science', year = 3, college_id = 'a0eebc99-9c0b-4ef8-bb6d-6bb9bd380a11', role = 'STUDENT', is_verified = true WHERE id = 'c0eebc99-9c0b-4ef8-bb6d-6bb9bd380a22';
UPDATE public.profiles SET username = 'priyap', branch = 'Information Technology', year = 2, college_id = 'a0eebc99-9c0b-4ef8-bb6d-6bb9bd380a11', role = 'STUDENT', is_verified = true WHERE id = 'd0eebc99-9c0b-4ef8-bb6d-6bb9bd380a33';
UPDATE public.profiles SET username = 'vikrams', branch = 'Mechanical Engineering', year = 4, college_id = 'a0eebc99-9c0b-4ef8-bb6d-6bb9bd380a11', role = 'STUDENT', is_verified = true WHERE id = 'e0eebc99-9c0b-4ef8-bb6d-6bb9bd380a44';
UPDATE public.profiles SET username = 'snehas', branch = 'Electronics & Communication', year = 1, college_id = 'a0eebc99-9c0b-4ef8-bb6d-6bb9bd380a11', role = 'STUDENT', is_verified = true WHERE id = 'f0eebc99-9c0b-4ef8-bb6d-6bb9bd380a55';
UPDATE public.profiles SET username = 'anzara', branch = 'Computer Science', year = 4, college_id = 'a0eebc99-9c0b-4ef8-bb6d-6bb9bd380a11', role = 'SUPER_ADMIN', is_verified = true WHERE id = '00eebc99-9c0b-4ef8-bb6d-6bb9bd380a66';

-- 4. Insert Communities
INSERT INTO public.communities (id, name, description, college_id, category, member_count, is_private, created_by)
VALUES 
  ('b0eebc99-9c0b-4ef8-bb6d-6bb9bd380a01', 'Artificial Intelligence', 'Discussion hub for Machine Learning, Deep Learning, and Robotics enthusiasts.', 'a0eebc99-9c0b-4ef8-bb6d-6bb9bd380a11', 'Academic', 4, false, '00eebc99-9c0b-4ef8-bb6d-6bb9bd380a66'),
  ('b0eebc99-9c0b-4ef8-bb6d-6bb9bd380a02', 'IILM Hackers Guild', 'Official community for competitive programmers and hackathon organizers.', 'a0eebc99-9c0b-4ef8-bb6d-6bb9bd380a11', 'Technical', 3, false, 'c0eebc99-9c0b-4ef8-bb6d-6bb9bd380a22'),
  ('b0eebc99-9c0b-4ef8-bb6d-6bb9bd380a03', 'Campus Placements Hub', 'A dedicated space to share preparation strategy, interview questions, and referral opportunities.', 'a0eebc99-9c0b-4ef8-bb6d-6bb9bd380a11', 'General', 2, false, 'e0eebc99-9c0b-4ef8-bb6d-6bb9bd380a44')
ON CONFLICT (id) DO NOTHING;

-- 5. Insert Community Members
INSERT INTO public.community_members (community_id, user_id, role)
VALUES
  ('b0eebc99-9c0b-4ef8-bb6d-6bb9bd380a01', '00eebc99-9c0b-4ef8-bb6d-6bb9bd380a66', 'admin'),
  ('b0eebc99-9c0b-4ef8-bb6d-6bb9bd380a01', 'c0eebc99-9c0b-4ef8-bb6d-6bb9bd380a22', 'member'),
  ('b0eebc99-9c0b-4ef8-bb6d-6bb9bd380a01', 'd0eebc99-9c0b-4ef8-bb6d-6bb9bd380a33', 'member'),
  ('b0eebc99-9c0b-4ef8-bb6d-6bb9bd380a01', 'e0eebc99-9c0b-4ef8-bb6d-6bb9bd380a44', 'member'),
  ('b0eebc99-9c0b-4ef8-bb6d-6bb9bd380a02', 'c0eebc99-9c0b-4ef8-bb6d-6bb9bd380a22', 'admin'),
  ('b0eebc99-9c0b-4ef8-bb6d-6bb9bd380a02', 'd0eebc99-9c0b-4ef8-bb6d-6bb9bd380a33', 'member'),
  ('b0eebc99-9c0b-4ef8-bb6d-6bb9bd380a02', 'f0eebc99-9c0b-4ef8-bb6d-6bb9bd380a55', 'member')
ON CONFLICT (community_id, user_id) DO NOTHING;

-- 7. Insert Events
INSERT INTO public.events (id, title, description, college_id, organizer_id, club_id, start_time, end_time, venue, category, attendee_count)
VALUES
  ('e0eebc99-9c0b-4ef8-bb6d-6bb9bd380e01', 'Campus Hackathon 2026', 'A 24-hour coding marathon where students collaborate and build amazing software solutions. Food and drinks provided!', 'a0eebc99-9c0b-4ef8-bb6d-6bb9bd380a11', 'c0eebc99-9c0b-4ef8-bb6d-6bb9bd380a22', NULL, now() + interval '5 days', now() + interval '6 days', 'Main Auditorium', 'Technical', 35),
  ('e0eebc99-9c0b-4ef8-bb6d-6bb9bd380e02', 'DBMS Normalization Workshop', 'Deep dive into 1NF, 2NF, 3NF, BCNF with hands-on practice worksheets.', 'a0eebc99-9c0b-4ef8-bb6d-6bb9bd380a11', '00eebc99-9c0b-4ef8-bb6d-6bb9bd380a66', NULL, now() + interval '10 days', now() + interval '10 days 2 hours', 'Lab 4, Block B', 'Academic', 18)
ON CONFLICT (id) DO NOTHING;

-- 8. Insert Internships
INSERT INTO public.internships (id, title, company, description, location, type, duration, stipend, apply_link, posted_by, college_id, deadline)
VALUES
  ('10eebc99-9c0b-4ef8-bb6d-6bb9bd380i01', 'Software Engineer Intern', 'Google', 'Join our core systems engineering group in Bangalore. Work on scaling microservices in Go/C++.', 'Bangalore', 'hybrid', '6 Months', 'Rs. 1,00,000 / Month', 'https://careers.google.com', '00eebc99-9c0b-4ef8-bb6d-6bb9bd380a66', 'a0eebc99-9c0b-4ef8-bb6d-6bb9bd380a11', '2026-09-30'),
  ('10eebc99-9c0b-4ef8-bb6d-6bb9bd380i02', 'Data Analyst Intern', 'Microsoft', 'Work with Excel, SQL, and PowerBI pipelines to automate metrics collection and reporting.', 'Hyderabad', 'remote', '3 Months', 'Rs. 50,000 / Month', 'https://careers.microsoft.com', '00eebc99-9c0b-4ef8-bb6d-6bb9bd380a66', 'a0eebc99-9c0b-4ef8-bb6d-6bb9bd380a11', '2026-10-15')
ON CONFLICT (id) DO NOTHING;

-- 9. Insert Notes
INSERT INTO public.notes (id, title, subject, course_code, description, file_url, uploader_id, college_id, year, downloads, likes)
VALUES
  ('20eebc99-9c0b-4ef8-bb6d-6bb9bd380n01', 'DBMS Normal Forms Summary', 'Database Management', 'CS-302', 'Detailed checklist and definitions for normal forms from 1NF up to BCNF with examples.', 'https://placeholder.supabase.co/notes/dbms.pdf', 'c0eebc99-9c0b-4ef8-bb6d-6bb9bd380a22', 'a0eebc99-9c0b-4ef8-bb6d-6bb9bd380a11', 3, 24, 12),
  ('20eebc99-9c0b-4ef8-bb6d-6bb9bd380n02', 'Data Structures - Trees & Graphs', 'Data Structures', 'CS-201', 'Detailed diagrams and walkthroughs of DFS, BFS, Dijkstra, Prim, Kruskal, and AVL Trees.', 'https://placeholder.supabase.co/notes/ds.pdf', 'd0eebc99-9c0b-4ef8-bb6d-6bb9bd380a33', 'a0eebc99-9c0b-4ef8-bb6d-6bb9bd380a11', 2, 45, 23)
ON CONFLICT (id) DO NOTHING;

-- 10. Insert Past Papers (exam_papers)
INSERT INTO public.exam_papers (id, subject, course_code, exam_year, semester, exam_type, file_url, pages, downloads, college_id, uploader_id)
VALUES
  ('30eebc99-9c0b-4ef8-bb6d-6bb9bd380p01', 'Artificial Intelligence', 'CS-401', 2025, 'Semester 7', 'Endsem', 'https://placeholder.supabase.co/papers/ai-2025.pdf', 4, 15, 'a0eebc99-9c0b-4ef8-bb6d-6bb9bd380a11', 'c0eebc99-9c0b-4ef8-bb6d-6bb9bd380a22'),
  ('30eebc99-9c0b-4ef8-bb6d-6bb9bd380p02', 'Database Management Systems', 'CS-302', 2025, 'Semester 5', 'Midsem', 'https://placeholder.supabase.co/papers/dbms-2025.pdf', 2, 28, 'a0eebc99-9c0b-4ef8-bb6d-6bb9bd380a11', 'd0eebc99-9c0b-4ef8-bb6d-6bb9bd380a33')
ON CONFLICT (id) DO NOTHING;

-- 11. Insert Marketplace Listings
INSERT INTO public.marketplace_items (id, title, description, price, category, seller_id, college_id, status, condition)
VALUES
  ('40eebc99-9c0b-4ef8-bb6d-6bb9bd380m01', 'Calculus Textbook (HC Verma)', 'Calculus and analytical geometry textbook. Good condition, no torn pages. Essential for first-year courses.', 350.00, 'Books', 'd0eebc99-9c0b-4ef8-bb6d-6bb9bd380a33', 'a0eebc99-9c0b-4ef8-bb6d-6bb9bd380a11', 'available', 'good'),
  ('40eebc99-9c0b-4ef8-bb6d-6bb9bd380m02', 'Scientific Calculator Casio FX-991EX', 'Advanced scientific calculator, allowed in college exams. Barely used, battery included.', 900.00, 'Electronics', 'e0eebc99-9c0b-4ef8-bb6d-6bb9bd380a44', 'a0eebc99-9c0b-4ef8-bb6d-6bb9bd380a11', 'available', 'like_new')
ON CONFLICT (id) DO NOTHING;

-- 12. Insert Study Groups
INSERT INTO public.study_groups (id, subject, venue, meeting_time, max_members, creator_id, college_id)
VALUES
  ('50eebc99-9c0b-4ef8-bb6d-6bb9bd380s01', 'DBMS Exam Preparation', 'Library Study Room B', now() + interval '2 days', 4, 'c0eebc99-9c0b-4ef8-bb6d-6bb9bd380a22', 'a0eebc99-9c0b-4ef8-bb6d-6bb9bd380a11'),
  ('50eebc99-9c0b-4ef8-bb6d-6bb9bd380s02', 'Algorithm Walkthroughs', 'Cafeteria Green Lounge', now() + interval '4 days', 6, 'd0eebc99-9c0b-4ef8-bb6d-6bb9bd380a33', 'a0eebc99-9c0b-4ef8-bb6d-6bb9bd380a11')
ON CONFLICT (id) DO NOTHING;

-- 13. Insert Study Group Members
INSERT INTO public.study_group_members (group_id, user_id)
VALUES
  ('50eebc99-9c0b-4ef8-bb6d-6bb9bd380s01', 'c0eebc99-9c0b-4ef8-bb6d-6bb9bd380a22'),
  ('50eebc99-9c0b-4ef8-bb6d-6bb9bd380s01', 'd0eebc99-9c0b-4ef8-bb6d-6bb9bd380a33'),
  ('50eebc99-9c0b-4ef8-bb6d-6bb9bd380s02', 'd0eebc99-9c0b-4ef8-bb6d-6bb9bd380a33'),
  ('50eebc99-9c0b-4ef8-bb6d-6bb9bd380s02', 'e0eebc99-9c0b-4ef8-bb6d-6bb9bd380a44')
ON CONFLICT (group_id, user_id) DO NOTHING;
